{
  "datasets": [
    "Real_Food",
    "Real_Electronics",
    "Real_Clothing",
    "Real_Furniture",
    "Walmart",
    "M5"
  ],
  "cvs": [
    0.020711473842294572,
    0.021003623895152642,
    0.02157724725787977,
    0.021881468011482153,
    0.08073337251499962,
    0.9146683483451348
  ],
  "hybrid_ratios": [
    1.2213178721930156,
    1.0591982922723122,
    1.1475785656880306,
    1.1997482860719206,
    0.5032581914752614,
    1.0522930816854
  ],
  "lstm_ratios": [
    1.0275762246260025,
    1.0125557597297565,
    0.9871822308513477,
    1.0037387324464457,
    5.493259988972927,
    1.0030053495221496
  ],
  "regression": {
    "slope": -0.0183,
    "intercept": 1.0339,
    "r_squared": 0.0006,
    "p_value": 0.963,
    "breakeven_cv": 1.8479
  }
}